RPC,Address,EHO_Permit_Status,EHO_Permits,Multi_Unit_Permit,SFD_Permit,Demolition_Permit,Development_Project,Construction_Status
18023002,1004 N DANIEL ST,Approved,"ZEHO23-00008 (Approved), ZEHO23-00008 (Approved)",CNEW24-01447: Revisions Required (Commercial New - Building new 6-unit multi family dwelling and associated imp...),RNEW24-06264: Issued Awaiting Insp (New single family dwelling with detached garage....); RNEW24-06264: Finaled (New single family dwelling with detached garage....),DEMO23-00134: Inspection Scheduled; DEMO23-00134: Finaled,1004 N Daniel St (EHO) (ID: 19771) - Status: Approved (Not Under Construction),Complete
36003015,1013 17th ST S,Approved,"ZEHO24-00018 (Approved), ZEHO24-00018 (Approved)",None,None,None,1013 17Th St S (EHO) (ID: 23783) - Status: Approved (Not Under Construction),Not Started
14025004,1021 N STAFFORD ST,Approved,"ZEHO24-00011 (Approved), ZEHO24-00011 (Approved)",CNEW24-06336: Approved-Fees Due (Commercial New - Construction of new multi-unit...); CNEW24-06336: Awaiting LDA Approval (Commercial New - Construction of new multi-unit...),None,DEMO26-00096: Application Complete,1021 N Stafford St (EHO) (ID: 23779) - Status: Approved (Not Under Construction),Not Started
28006040,1052 S EDISON ST,Approved,"ZEHO24-00008 (Approved), ZEHO23-00043 (Void), ZEHO24-00008 (Approved), ZEHO23-00043 (Void)",None,None,None,1052 S Edison St (EHO) (ID: 23778) - Status: Approved (Not Under Construction),Not Started
15083017,1225 N QUINCY ST,Approved,"ZEHO23-00067 (Approved), ZEHO23-00067 (Approved)","RNEW24-05847: Awaiting Plans and Documents (Residential New - new 3 level townhouse unit. 3 stories above grade. 2,366 SF...); RNEW24-05848: Awaiting Plans and Documents (Residential New - new 3 level townhome, 3 stories above grade, 2,524 SF....); RNEW24-05849: Awaiting Plans and Documents (Residential New - new 3 level townhome, 3 levels above grade, 2,405 SF...)",None,DEMO24-00128: Inspection Scheduled; DEMO24-00128: Finaled,1225 N Quincy St (EHO) (ID: 19861) - Status: Under Construction,Underway (via DevProject)
14007006,1227 N UTAH ST,Approved,"ZEHO23-00016 (Approved), ZEHO23-00016 (Approved)",None,None,None,1227 N Utah St (EHO) (ID: 19694) - Status: Approved (Not Under Construction),Not Started
14006001,1301 N UTAH ST,Approved,"ZEHO24-00019 (Approved), ZEHO24-00019 (Approved)",None,RNEW25-01598: Finaled (New Single Family Dwelling...); RNEW25-01598: Issued Awaiting Insp (New Single Family Dwelling...),DEMO25-00125: Finaled; DEMO25-00125: Inspection Scheduled,1301 N Utah St (EHO) (ID: 23784) - Status: Approved (Not Under Construction),Complete
32020004,1508 S WALTER REED DR,Approved,"ZEHO24-00009 (Withdrawn), ZEHO24-00032 (Approved), ZEHO24-00009 (Void), ZEHO24-00032 (In Review)",None,None,None,1508 S Walter Reed Dr (EHO) (ID: 25558) - Status: Approved (Not Under Construction),Not Started
15024014,1712 N VEITCH ST,Approved,"ZEHO26-00004 (Approved), ZEHO26-00004 (Revisions Received)",None,None,None,1712 N Veitch St (EHO) (ID: 25937) - Status: Approved (Not Under Construction),Not Started
08014019,1749 N EDISON ST,Approved,"ZEHO23-00062 (Approved), ZEHO23-00062 (Approved)",None,None,None,1749 N Edison St (EHO) (ID: 23790) - Status: Approved (Not Under Construction),Not Started
15012008,1816 N JACKSON ST,Approved,"ZEHO23-00009 (Approved), ZEHO23-00009 (Approved)",None,None,DEMO24-00005: Finaled; DEMO24-00005: Inspection Scheduled,1816 N Jackson St (EHO) (ID: 19693) - Status: Approved (Not Under Construction),Not Started
11027013,1907 N ROOSEVELT ST,Approved,"ZEHO23-00015 (Approved), ZEHO23-00015 (Approved)",RNEW23-05595: Revisions Received (Residential New - Build 3 New Townhomes (Fee Simple Ownership)...); RNEW24-01189: Application Complete (Residential New - Construct New Townhome...); RNEW23-05595: Revisions Received (Residential New - Build 3 New Townhomes (Fee Simple Ownership)...),None,DEMO21-00260: Issued Awaiting Insp; DEMO21-00260: Expired,1907 N Roosevelt St (EHO) (ID: 19769) - Status: Approved (Not Under Construction),Demolition/Site Prep
06010005,2005 N TAYLOR ST,Approved,"ZEHO23-00011 (Approved), ZEHO23-00011 (Approved)",None,None,DEMO24-00004: Inspection Scheduled; DEMO24-00004: Finaled,2005 N Taylor St (EHO) (ID: 19685) - Status: Approved (Not Under Construction),Not Started
18059002,201 N BARTON ST,Approved,"ZEHO24-00024 (Revisions Received), ZEHO24-00024 (Approved)",None,None,None,201 N Barton St (EHO) (ID: 25936) - Status: Approved (Not Under Construction),Not Started
09009011,2100 N GEORGE MASON DR,Approved,"ZEHO23-00018 (Approved), ZEHO23-00018 (Approved)",CNEW24-01724: Application Complete (Commercial New - New construction of 4-unit Expanded Housing Options building...); CNEW24-01724: Revisions Received (Commercial New - New construction of 4-unit Expanded Housing Options building...); CNEW24-01724: Revisions Required (Commercial New - New construction of 4-unit Expanded Housing Options building...),None,None,2100 N George Mason Dr (EHO) (ID: 19762) - Status: Approved (Not Under Construction),Not Started
16010007,2111 N UHLE ST,Approved,"ZEHO23-00056 (Approved), ZEHO23-00056 (Approved)",CNEW24-01735: Revisions Received (Commercial New - Construction of a 6-unit multifamily dwelling....),None,DEMO26-00038: Awaiting Plans and Documents,2111 N Uhle St (EHO) (ID: 19774) - Status: Approved (Not Under Construction),Not Started
16004051,2129 N TROY ST,Approved,"ZEHO23-00053 (Approved), ZEHO23-00053 (Approved)",None,RNEW24-01771: Awaiting Plans and Documents (Build 2 semi- detached units...); RNEW24-01772: Awaiting Plans and Documents (Build 2 semi- detached units...); RNEW24-01773: Awaiting Plans and Documents (Build 2 semi- detached units...),DEMO24-00053: Issued Awaiting Insp; DEMO24-00053: Finaled,2129 N Troy St (EHO) (ID: 19772) - Status: Completed,Demolition/Site Prep
01069012,2315 N TUCKAHOE ST,Approved,"ZEHO24-00003 (Approved), ZEHO24-00003 (Approved)",None,RNEW24-05613: Finaled (Build New SFD...),DEMO25-00012: Inspection Scheduled; DEMO25-00012: Finaled,2315 N Tuckahoe St (EHO) (ID: 19957) - Status: Approved (Not Under Construction),Complete
11001009,2316 JOHN MARSHALL DR,Approved,"ZEHO23-00064 (Approved), ZEHO23-00064 (Approved)",None,None,DEMO24-00048: Inspection Scheduled; DEMO24-00048: Finaled,2316 John Marshall Dr (EHO) (ID: 19955) - Status: Approved (Not Under Construction),Not Started
05004025,2352 N VERMONT ST,Approved,"ZEHO24-00012 (Approved), ZEHO24-00012 (Approved)",None,None,None,2352 N Vermont St (EHO) (ID: 23780) - Status: Approved (Not Under Construction),Not Started
04024001,2400 N LINCOLN ST,Approved,"ZEHO23-00061 (Approved), ZEHO23-00061 (Approved)",CNEW24-01018: Revisions Required (Commercial New - Build 3 Townhomes...),RNEW24-06074: Finaled (Build SFD...); RNEW24-06074: Issued Awaiting Insp (Build SFD...),DEMO24-00073: Finaled; DEMO24-00073: Issued Awaiting Insp; DEMO24-00097: Expired,2400 N Lincoln St (EHO) (ID: 19860) - Status: Approved (Not Under Construction),Complete
01063028,2401 N POTOMAC ST,Approved,"ZEHO23-00066 (Approved), ZEHO23-00066 (Approved)",RNEW25-05427: Awaiting Plans and Documents (Residential New - Construction of (3) townhouses...); CNEW25-05544: Awaiting Plans and Documents (Commercial New - Construction of 3 townhouses...),RNEW25-02204: Awaiting Plans and Documents (New Single Family Structure...),DEMO24-00108: Expired; DEMO24-00108: Awaiting Plans and Documents; DEMO24-00107: Inspection Scheduled; DEMO24-00107: Finaled,2401 N Potomac St (EHO) (ID: 19863) - Status: Under Construction,Underway (via DevProject)
01063027,2405 N POTOMAC ST,Approved,"ZEHO24-00004 (Approved), ZEHO24-00004 (Approved)",CNEW25-05436: Awaiting Plans and Documents (Commercial New - Construction of 3 townhouses...),None,None,2405 N Potomac St (EHO) (ID: 19956) - Status: Under Construction,Underway (via DevProject)
36052025,2612 S FERN ST,Approved,"ZEHO23-00026 (Approved), ZEHO23-00026 (Approved)",CNEW23-04626: Awaiting Plans and Documents (Commercial New - New construction of multi-family residential. Six-dwelling u...); CNEW24-01206: Issued Awaiting Inspection (Commercial New - New 6-dwelling unit multifamily EHO development....); CNEW24-01206: Revision Pending (Commercial New - New 6-dwelling unit multifamily EHO development....),None,DEMO23-00093: Finaled; DEMO23-00093: Inspection Scheduled,2612 S Fern St (EHO) (ID: 19687) - Status: Under Construction,Underway
36052006,2721 S GRANT ST,Approved,"ZEHO26-00006 (Approved), ZEHO26-00006 (Approved), ZEHO26-00006 (Approved)",None,None,DEMO26-00095: Revision Received; DEMO26-00095: Awaiting LDA Approval-Fees Due,2721 S Grant St (EHO) (ID: 25938) - Status: Approved (Not Under Construction),Not Started
18068017,2909 2nd RD N,Approved,"ZEHO23-00013 (Approved), ZEHO23-00013 (Approved)","RNEW23-06415: Additional Info Required (Residential New - 3 New townhouses including: walls, floors, roofs, framing, s...); RNEW23-06415: Revisions Received (Residential New - 3 New townhouses including: walls, floors, roofs, framing, s...)","RNEW25-00204: Finaled (existing home to be torn down, new SFD to be built...); RNEW25-00204: Issued Awaiting Insp (existing home to be torn down, new SFD to be built...)",DEMO25-00029: Inspection Scheduled; DEMO25-00029: Finaled,2909 2Nd Rd N (EHO) (ID: 19764) - Status: Approved (Not Under Construction),Complete
18047008,3014 7th ST N,Approved,"ZEHO23-00058 (Approved), ZEHO23-00058 (Approved)",RNEW24-01210: Awaiting Plans and Documents (Residential New - New 3-townhouse EHO development and additional detached gara...),None,DEMO24-00062: Finaled; DEMO24-00062: Inspection Scheduled,3014 7Th St N (EHO) (ID: 19776) - Status: Under Construction,Underway (via DevProject)
04007015,3101 MILITARY RD,Approved,"ZEHO24-00005 (Awaiting Plans and Documents), ZEHO24-00006 (Approved), ZEHO24-00006 (Approved), ZEHO24-00005 (Void)",None,None,None,3101 Military Rd (EHO) (ID: 19951) - Status: Approved (Not Under Construction),Not Started
23016018,3411 7th ST S,Approved,"ZEHO23-00049 (Awaiting Plans and Documents), ZEHO23-00050 (Approved), ZEHO23-00049 (Void), ZEHO23-00050 (Approved)",None,None,None,3411 7th St S (EHO) (ID: 23789) - Status: Approved (Not Under Construction),Not Started
15082019,3802 14th ST N,Approved,"ZEHO23-00057 (Awaiting Plans and Documents), ZEHO23-00010 (Approved), ZEHO23-00057 (Void), ZEHO23-00010 (Approved)",CNEW24-01975: Revision Pending (Commercial New - Constructionof new EHO 6 unit multi-story apartment building...); CNEW24-01975: Issued Awaiting Inspection (Commercial New - Constructionof new EHO 6 unit multi-story apartment building...),None,DEMO24-00129: Finaled; DEMO24-00129: Inspection Scheduled,3802 14Th St N (EHO) (ID: 19766) - Status: Completed,Underway
26011017,3812 16th ST S,Approved,"ZEHO24-00033 (Revisions Received), ZEHO24-00033 (Approved)",None,None,None,3812 16th St S (EHO) (ID: 25559) - Status: Approved (Not Under Construction),Not Started
23019030,4015 7th ST S,Approved,"ZEHO23-00034 (Approved), ZEHO23-00034 (Approved)",None,None,DEMO23-00054: Finaled; DEMO23-00054: Application Complete; DEMO23-00054: Inspection Scheduled,4015 7th St S (EHO) (ID: 19690) - Status: Approved (Not Under Construction),Not Started
23019029,4019 7TH ST S,Approved,"ZEHO23-00035 (Approved), ZEHO23-00035 (Approved)",None,None,None,4019 7th St S (EHO) (ID: 19691) - Status: Approved (Not Under Construction),Not Started
06023031,4026 18th RD N,Approved,"ZEHO25-00001 (Revisions Received), ZEHO25-00001 (Approved)",None,RNEW25-04173: Awaiting Plans and Documents (New Single Family Home with attached garaage...),DEMO26-00067: Finaled; DEMO26-00067: Inspection Scheduled,4026 18th Rd N (EHO) (ID: 25556) - Status: Approved (Not Under Construction),Not Started
26026055,4229 16th ST S,Approved,"ZEHO23-00044 (Approved), ZEHO24-00013 (Approved), ZEHO23-00044 (Approved), ZEHO24-00013 (Approved)",None,None,None,4229 16Th St S (EHO) (ID: 19770) - Status: Approved (Not Under Construction),Not Started
07028009,4610 17th ST N,Approved,"ZEHO23-00055 (Approved), ZEHO23-00055 (Approved)",None,RNEW23-03188: Revisions Required (New Single Family Home with Detached Garage with ADU above...); RNEW24-04710: Application Complete (CONSTRUCTION OF NEW SFH WITH ATTACHED ADU AND ASSOCIATED SIT...); RNEW24-04710: Finaled (CONSTRUCTION OF NEW SFH WITH ATTACHED ADU AND ASSOCIATED SIT...); RNEW24-04710: Issued Awaiting Insp (CONSTRUCTION OF NEW SFH WITH ATTACHED ADU AND ASSOCIATED SIT...),DEMO24-00143: Finaled; DEMO24-00143: Inspection Scheduled,4610 17Th St N (EHO) (ID: 19775) - Status: Approved (Not Under Construction),Complete
13022013,4611 N CARLIN SPRINGS RD,Approved,"ZEHO23-00036 (Approved), ZEHO23-00036 (Approved)","CNEW24-00684: Revision Pending (Commercial New - Demolish existing single family residence, detached ADU, she...); CNEW24-00684: Issued Awaiting Inspection (Commercial New - Demolish existing single family residence, detached ADU, she...)",None,DEMO21-00279: Expired; DEMO24-00116: Finaled; DEMO24-00116: Inspection Scheduled,4611 N Carlin Springs Rd (EHO) (ID: 19688) - Status: Under Construction,Underway
07044024,4923 14th ST N,Approved,"ZEHO24-00023 (Approved), ZEHO24-00023 (Approved)",None,None,DEMO26-00071: Finaled; DEMO26-00071: Inspection Scheduled,4923 14Th St N (EHO) (ID: 23785) - Status: Approved (Not Under Construction),Not Started
28026013,5041 25th ST S,Approved,"ZEHO23-00022 (Approved), ZEHO23-00022 (Approved)",RNEW23-03490: Finaled (Residential New - new duplex in R6 District with expanded housing option devel...); RNEW23-03490: Issued Awaiting Insp (Residential New - new duplex in R6 District with expanded housing option devel...),"RNEW24-00385: Issued Awaiting Insp (new semi-detached home shared with 5041 25th St S. 2,532 gro...); RNEW24-00385: Finaled (new semi-detached home shared with 5041 25th St S. 2,532 gro...)",DEMO23-00133: Inspection Scheduled; DEMO23-00133: Finaled,5041 25th St S (EHO) (ID: 19686) - Status: Completed,Complete
09049013,5104 14TH ST N,Approved,"ZEHO23-00063 (Approved), ZEHO23-00063 (Approved)",None,RNEW23-06852: Awaiting Plans and Documents (*New Single Family Dwelling....),None,5104 14Th St N (EHO) (ID: 19862) - Status: Approved (Not Under Construction),Not Started
10010026,5617 23rd ST N,Approved,"ZEHO23-00054 (Approved), ZEHO23-00054 (Approved)",RNEW24-01810: Awaiting Plans and Documents (Residential New - New duplex...),None,DEMO24-00047: Awaiting Plans and Documents; DEMO24-00035: Application Complete; DEMO24-00059: Finaled; DEMO24-00035: Finaled; DEMO24-00059: Inspection Scheduled; DEMO24-00035: Inspection Scheduled,5617 23Rd St N (EHO) (ID: 19773) - Status: Approved (Not Under Construction),Not Started
13038008,5630 8th ST N,Approved,"ZEHO23-00033 (Awaiting Plans and Documents), ZEHO23-00037 (Awaiting Plans and Documents), ZEHO23-00038 (Awaiting Plans and Documents), ZEHO23-00040 (Approved), ZEHO23-00040 (Approved), ZEHO23-00033 (Void), ZEHO23-00037 (Void), ZEHO23-00038 (Void)",CNEW24-00106: Accepted-Fees Due (Commercial New - New construction EHO...); CNEW24-02958: Revisions Required (Commercial New - New construction EHO 5 units...),RNEW25-01741: Revision Pending (TWO STORY SINGLE FAMILY RESIDENCE WITH BASEMENT....); RNEW25-01741: Issued Awaiting Insp (TWO STORY SINGLE FAMILY RESIDENCE WITH BASEMENT....),DEMO23-00149: Revisions Required; DEMO23-00149: Expired; DEMO23-00149: Revisions Required; DEMO23-00149: Issued Awaiting Insp,5630 8Th St N (EHO) (ID: 19960) - Status: Approved (Not Under Construction),Underway
11049020,6119 11th ST N,Approved,"ZEHO25-00004 (Approved), ZEHO25-00004 (In Review)",None,None,None,6119 11th St N (EHO) (ID: 25557) - Status: Approved (Not Under Construction),Not Started
19018018,627 N MONROE ST,Approved,"ZEHO24-00010 (Approved), ZEHO24-00010 (Approved)",CNEW24-03179: Revisions Required (Commercial New - New 6 unit multifamily EHO structure....),RNEW25-02234: Finaled (New single family dwelling with attached garage....); RNEW25-02234: Issued Awaiting Insp (New single family dwelling with attached garage....),DEMO24-00135: Finaled; DEMO24-00135: Inspection Scheduled,627 N Monroe St (EHO) (ID: 19954) - Status: Approved (Not Under Construction),Complete
13019015,628 N TAZEWELL ST,Approved,"ZEHO24-00007 (Approved), ZEHO24-00007 (Approved)",None,RNEW25-06349: Accepted (Build a new semidetached   dwellings...); RNEW25-06349: Revisions Required (Build a new semidetached   dwellings...),None,628 N Tazewell St (EHO) (ID: 19952) - Status: Approved (Not Under Construction),Not Started
19018016,629 N MONROE ST,Approved,"ZEHO23-00041 (Approved), ZEHO23-00041 (Approved)",RNEW24-03834: Awaiting Plans and Documents (Residential New - Construct a new townhouse as part of a 3-unit townhouse EHO ...); RNEW24-01209: Revisions Received (Residential New - New 3-townhouse EHO development....),None,DEMO24-00049: Finaled; DEMO24-00049: Inspection Scheduled,629 N Monroe St (EHO) (ID: 19768) - Status: Under Construction,Underway (via DevProject)
36019004,632 20th ST S,Approved,"ZEHO24-00016 (Revisions Received), ZEHO24-00015 (Void), ZEHO25-00002 (In Review), ZEHO25-00002 (Approved), ZEHO24-00015 (Awaiting Plans and Documents), ZEHO24-00016 (Denied)",None,None,None,632 20th St S (EHO) (ID: 25473) - Status: Approved (Not Under Construction),Not Started
11005021,6410 22nd ST N,Approved,"ZEHO23-00014 (Approved), ZEHO23-00014 (Approved)",RNEW23-03525: Revisions Required (Residential New - Demolition of the existing structure and building new 3-town...); CNEW23-03501: Application Complete (Commercial New - Demolition of the existing structure and building new 3-town...); RNEW24-00893: Accepted (Residential New - CONSTRUCTION OF THREE (3) TOWNHOMES...); RNEW24-00893: Revisions Required (Residential New - CONSTRUCTION OF THREE (3) TOWNHOMES...); RNEW24-00896: Revisions Received (Residential New - Demolition of the existing structure and building new townho...); RNEW24-00899: Revisions Received (Residential New - Demolition of the existing structure and building new townho...); RNEW24-00896: Revisions Required (Residential New - Demolition of the existing structure and building new townho...); RNEW24-00899: Revisions Required (Residential New - Demolition of the existing structure and building new townho...),None,DEMO26-00080: Awaiting Plans and Documents,6410 22Nd St N (EHO) (ID: 19767) - Status: Approved (Not Under Construction),Not Started
22001067,644 S ILLINOIS ST,Approved,ZEHO23-00031 (Approved),None,None,None,644 S Illinois St (EHO) (ID: 19692) - Status: Completed,Complete (via DevProject)
01006065,6807 WILLIAMSBURG BLVD,Approved,"ZEHO24-00001 (Approved), ZEHO24-00001 (Approved)",None,RNEW24-01425: Issued Awaiting Insp (Demo existing home and Build new Single Family Residence...); RNEW24-01425: Finaled (Demo existing home and Build new Single Family Residence...),DEMO24-00014: Issued Awaiting Insp; DEMO24-00014: Expired,6807 Williamsburg Blvd (EHO) (ID: 19864) - Status: Approved (Not Under Construction),Complete
18038001,703 N BARTON ST,Approved,"ZEHO23-00045 (Revisions Required), ZEHO24-00017 (Revisions Received), ZEHO23-00045 (Void), ZEHO25-00003 (In Review), ZEHO25-00003 (Approved), ZEHO24-00017 (Denied)",None,None,None,703 N Barton St (EHO) (ID: 25474) - Status: Approved (Not Under Construction),Not Started
13025006,735 N GEORGE MASON DR,Approved,"ZEHO23-00017 (Awaiting Plans and Documents), ZEHO23-00020 (Approved), ZEHO23-00059 (Approved), ZEHO23-00020 (Approved), ZEHO23-00059 (Approved)","CNEW23-06019: Awaiting Plans and Documents (Commercial New - Construction of a new 3 story building composed of six resid...); RNEW24-01362: Revisions Required (Residential New - New construction of three, two story plus basement, townhous...)",None,DEMO24-00058: Awaiting LDA Approval; DEMO22-00076: Inspection Scheduled; DEMO22-00076: Finaled; DEMO24-00058: Expired,735 N George Mason Dr (EHO) (ID: 19689) - Status: Approved (Not Under Construction),Not Started
36031016,800 22nd ST S,Approved,"ZEHO26-00003 (Approved), ZEHO26-00003 (In Review)",None,None,DEMO26-00094: Issued Awaiting Insp; DEMO26-00094: Awaiting LDA Approval,800 22nd St S (EHO) (ID: 25561) - Status: Approved (Not Under Construction),Demolition/Site Prep
36031001,801 23rd ST S,Approved,"ZEHO26-00002 (Revisions Received), ZEHO26-00002 (Approved)",None,None,DEMO26-00093: Awaiting LDA Approval; DEMO26-00093: Issued Awaiting Insp,801 23rd St S (EHO) (ID: 25560) - Status: Approved (Not Under Construction),Demolition/Site Prep
18028017,907 N HIGHLAND ST,Approved,"ZEHO24-00014 (Approved), ZEHO24-00014 (Approved)",RNEW24-06221: Issued Awaiting Insp (Residential New - New single family dwelling with detached garage.  Previously...); RNEW24-06221: Finaled (Residential New - New single family dwelling with detached garage.  Previously...),None,DEMO25-00016: Finaled; DEMO25-00016: Inspection Scheduled,907 N Highland St (EHO) (ID: 23782) - Status: Approved (Not Under Construction),Complete
36025016,921 22nd ST S,Approved,"ZEHO23-00012 (Approved), ZEHO23-00012 (Approved)",None,RNEW25-01813: Revisions Pending (NEW DETACHED SINGLE-FAMILY HOUSE WITH ATTACHED 2-CAR GARAGE....); RNEW25-01813: Issued Awaiting Insp (NEW DETACHED SINGLE-FAMILY HOUSE WITH ATTACHED 2-CAR GARAGE....),DEMO25-00074: Inspection Scheduled; DEMO25-00074: Finaled,921 22Nd St S (EHO) (ID: 19763) - Status: Approved (Not Under Construction),Underway
24009016,12 S HIGHLAND ST,Not Approved (Pending/Void/Other),"ZEHO23-00030 (Withdrawn), ZEHO23-00024 (Withdrawn), ZEHO23-00030 (Withdrawn), ZEHO23-00024 (Withdrawn)",None,None,None,None Found,Not Started
06014036,1524 N RANDOLPH ST,Not Approved (Pending/Void/Other),"ZEHO23-00025 (Awaiting Plans and Documents), ZEHO23-00052 (Denied), ZEHO23-00052 (Denied), ZEHO23-00025 (Void)",None,None,None,None Found,Not Started
15021011,1808 N ADAMS ST,Not Approved (Pending/Void/Other),"ZEHO24-00035 (Void), ZEHO24-00035 (Withdrawn)",None,"RNEW25-00170: Revisions Required (Construct a new single family dwelling...); RNEW25-02004: Finaled (new single family detached dwelling. It includes a garage, b...); RNEW25-02004: Issued Awaiting Insp (new single family detached dwelling. It includes a garage, b...)",DEMO25-00059: Finaled; DEMO25-00059: Inspection Scheduled,1808 N Adams St (ID: 22458) - Status: Demolitions,Complete
06013060,1808 N RANDOLPH ST,Not Approved (Pending/Void/Other),"ZEHO24-00034 (Withdrawn), ZEHO24-00034 (Withdrawn)",None,RNEW24-05760: Finaled (New Single Family Home...); RNEW24-05760: Awaiting LDA Approval (New Single Family Home...); RNEW24-05760: Issued Awaiting Insp (New Single Family Home...),DEMO25-00022: Finaled; DEMO25-00022: Inspection Scheduled,1808 N Randolph St (ID: 22361) - Status: Demolitions,Complete
15004024,1915 N WAYNE ST,Not Approved (Pending/Void/Other),"ZEHO23-00046 (Awaiting Plans and Documents), ZEHO23-00046 (Void)",None,None,None,1915 N Wayne St (ID: 19986) - Status: Completed,Complete (via DevProject)
15004005,1922 N VEITCH ST,Not Approved (Pending/Void/Other),"ZEHO23-00060 (Denied), ZEHO23-00060 (Accepted)",None,RNEW24-01452: Revisions Required (Build new SFD...); RNEW24-01452: Finaled (Build new SFD...); RNEW24-01452: Issued Awaiting Insp (Build new SFD...),DEMO24-00050: Issued Awaiting Insp; DEMO24-00050: Finaled,1922 N Veitch St (ID: 19886) - Status: Demolitions,Complete
26023036,2020 S QUINCY ST,Not Approved (Pending/Void/Other),"ZEHO23-00047 (Awaiting Plans and Documents), ZEHO23-00047 (Void)",None,None,None,None Found,Not Started
36024012,2108 S JOYCE ST,Not Approved (Pending/Void/Other),"ZEHO23-00027 (Revisions Required), ZEHO23-00027 (Revisions Received)",None,None,None,None Found,Not Started
04026007,2705 24th ST N,Not Approved (Pending/Void/Other),"ZEHO26-00008 (Revisions Received), ZEHO26-00008 (Revisions Required)",None,None,None,None Found,Not Started
24021029,3101 6th ST S,Not Approved (Pending/Void/Other),"ZEHO24-00031 (Accepted), ZEHO24-00031 (Revisions Required), ZEHO24-00029 (Void), ZEHO24-00030 (Void), ZEHO24-00029 (Awaiting Plans and Documents), ZEHO24-00030 (Awaiting Plans and Documents)",None,RNEW24-03780: Application Complete (Existing basement to be finished. Windows to be replaced   N...),None,None Found,Not Started
19030019,3130 5th ST N,Not Approved (Pending/Void/Other),"ZEHO26-00009 (Revisions Received), ZEHO26-00009 (Revisions Received)",None,None,None,None Found,Not Started
32007039,3225 12th ST S,Not Approved (Pending/Void/Other),"ZEHO23-00042 (Awaiting Plans and Documents), ZEHO23-00042 (Void)",None,None,None,3225 12th St S (ID: 15137) - Status: Completed,Complete (via DevProject)
21014038,324 S CARLIN SPRINGS RD,Not Approved (Pending/Void/Other),"ZEHO24-00037 (Accepted), ZEHO24-00037 (Revisions Required)",None,None,None,None Found,Not Started
23039023,3612 9th ST S,Not Approved (Pending/Void/Other),"ZEHO23-00048 (Void), ZEHO23-00048 (Awaiting Plans and Documents)",None,None,None,3612 9th St S (ID: 15288) - Status: Completed,Complete (via DevProject)
26007008,3706 14th ST S,Not Approved (Pending/Void/Other),"ZEHO23-00032 (Awaiting Plans and Documents), ZEHO23-00032 (Void)",None,None,None,3706 14th St S (ID: 15333) - Status: Completed,Complete (via DevProject)
15083024,3804 13th ST N,Not Approved (Pending/Void/Other),"ZEHO23-00023 (Withdrawn), ZEHO23-00023 (Void)",None,None,None,None Found,Not Started
26009005,3922 14th ST S,Not Approved (Pending/Void/Other),"ZEHO23-00065 (Revisions Received), ZEHO23-00065 (Revisions Required)",None,None,None,3922 14th St S (ID: 15546) - Status: Completed,Complete (via DevProject)
23011033,3rd ST S,Not Approved (Pending/Void/Other),"ZEHO24-00021 (Revisions Required), ZEHO24-00021 (Revisions Received)",None,None,None,None Found,Not Started
19035012,432 N MONROE ST,Not Approved (Pending/Void/Other),"ZEHO23-00021 (Void), ZEHO23-00021 (Revisions Required)",None,None,None,None Found,Not Started
23011028,4628 3rd ST S,Not Approved (Pending/Void/Other),"ZEHO24-00022 (Void), ZEHO24-00022 (Additional Info Required), ZEHO24-00022 (Revisions Received)",None,RNEW24-05954: Issued Awaiting Inspections (New SFH Construction...),None,4628 3Rd St S (ID: 25215) - Status: Demolitions,Underway
03023013,4949 OLD DOMINION DR,Not Approved (Pending/Void/Other),"ZEHO24-00025 (Revisions Received), ZEHO24-00025 (Revisions Required)",None,RNEW23-05056: Application Complete (New construction of a 2 story frame w/ basement & garage sin...); RNEW25-02090: Application Complete (NEW SINGLE FAMILY DWELLING W/ ACCESSORY APT @ BASEMENT...),None,None Found,Not Started
18047015,520 N GARFIELD ST,Not Approved (Pending/Void/Other),"ZEHO23-00051 (Withdrawn), ZEHO23-00051 (Withdrawn)",None,None,None,None Found,Not Started
21014058,5941 4th ST S,Not Approved (Pending/Void/Other),"ZEHO26-00007 (Additional Info Required), ZEHO26-00007 (Application Complete)",None,None,DEMO24-00069: Awaiting Plans and Documents; DEMO24-00069: Expired,None Found,Not Started
37027024,600 29th RD S,Not Approved (Pending/Void/Other),"ZEHO24-00036 (Void), ZEHO24-00036 (Withdrawn)",None,RNEW25-00263: Finaled (Construct a new single family dwelling...); RNEW25-00263: Issued Awaiting Insp (Construct a new single family dwelling...),DEMO25-00044: Finaled; DEMO25-00044: Inspection Scheduled,600 29Th Rd S (ID: 25138) - Status: Demolitions,Complete
11029022,6335 WASHINGTON BLVD,Not Approved (Pending/Void/Other),"ZEHO24-00026 (Awaiting Plans and Documents), ZEHO24-00026 (Void), ZEHO24-00027 (Void), ZEHO24-00027 (Withdrawn)",CNEW24-04539: Accepted (Commercial New - Demolish existing single-family residence and construct a ne...),RNEW25-05925: Issued Awaiting Inspections (CONTRUCT NEW SINGLE FAMILY DWELLING WITH GARAGE. LOCATED AT ...); RNEW25-05925: Issued Awaiting Insp (CONTRUCT NEW SINGLE FAMILY DWELLING WITH GARAGE. LOCATED AT ...); RNEW24-05851: Awaiting LDA Approval (Demolition of existing single family dwelling and new constr...),DEMO25-00006: Issued Awaiting Insp; DEMO25-00006: Inspection Scheduled,6335 Washington Blvd (ID: 25908) - Status: Under Construction,Underway
01019008,6512 WILLIAMSBURG BLVD,Not Approved (Pending/Void/Other),"ZEHO24-00028 (Withdrawn), ZEHO24-00028 (Withdrawn)",None,RNEW25-00776: Finaled (New Construction of a Single Family Dwelling...); RNEW25-00776: Issued Awaiting Insp (New Construction of a Single Family Dwelling...),DEMO25-00025: Expired; DEMO25-00025: Issued Awaiting Insp,6512 Williamsburg Blvd (ID: 25214) - Status: Demolitions,Complete
36026011,801 22nd ST S,Not Approved (Pending/Void/Other),"ZEHO23-00019 (Awaiting Plans and Documents), ZEHO26-00005 (Awaiting Plans and Documents), ZEHO23-00019 (Void), ZEHO26-00001 (Revisions Required), ZEHO26-00001 (Revisions Received)",None,None,None,None Found,Not Started
22011034,837 S HARRISON ST,Not Approved (Pending/Void/Other),"ZEHO24-00002 (Awaiting Plans and Documents), ZEHO24-00002 (Void)",None,None,None,837 S Harrison St (ID: 17887) - Status: Completed,Complete (via DevProject)
36022011,900 20th ST S,Not Approved (Pending/Void/Other),"ZEHO23-00039 (Revisions Required), ZEHO23-00039 (Void)",None,None,None,None Found,Not Started
18033010,933 N DANIEL ST,Not Approved (Pending/Void/Other),"ZEHO24-00020 (Withdrawn), ZEHO24-00020 (Withdrawn)",None,RNEW24-06403: Issued Awaiting Insp (New single family dwelling with detached garage....); RNEW24-06403: Finaled (New single family dwelling with detached garage....),DEMO25-00015: Inspection Scheduled; DEMO25-00015: Finaled,933 N Daniel St (ID: 25476) - Status: Demolitions,Complete
